transaction_id,store_id,sku,sale_ts,quantity,unit_price
T20240114000001,S001,SKU00025,2024-01-14 16:46:00,3,10.85
T20240114000002,S001,SKU00033,2024-01-14 16:17:00,1,14.24
T20240114000003,S002,sku00036,2024-01-14 12:17:30,2,2.1
T20240114000004,S002,sku00027,2024-01-14 15:49:30,2,10.95
T20240114000005,S001,SKU00026,2024-01-14 10:21:00,2,14.7
T20240114000006,S002,sku00003,2024-01-14 07:04:00,1,4.11
T20240114000007,S002,SKU00001,2024-01-14 16:33:00,1,19.99
T20240114000008,S001,SKU00016,2024-01-14 16:05:00,2,11.18
T20240114000009,S001,SKU00043,2024-01-14 07:02:00,1,11.31
T20240114000010,S002,SKU00048,2024-01-14 18:43:00,1,13.19
T20240114000011,S002,SKU00006,2024-01-14 16:37:30,3,23.23
T20240114000012,S002,sku00022,2024-01-14 11:26:00,1,13.96
T20240114000013,S002, SKU00034 ,2024-01-14 16:38:30,2,14.0
T20240114000014,S001,SKU00036,2024-01-14 09:39:00,1,19.23
T20240114000015,S001,sku00019,2024-01-14 07:12:00,3,2.02
T20240114000016,S002,sku00006,2024-01-14 07:31:00,1,9.28
T20240114000017,S001,SKU00046,2024-01-14 17:59:00,2,10.66
T20240114000018,S002,SKU00004,2024-01-14 17:04:00,1,24.22
T20240114000019,S002, sku00048 ,2024-01-14 18:56:00,1,18.53
T20240114000020,S002,SKU00013,2024-01-14 18:44:30,1,8.39
T20240114000021,S002,SKU00005,2024-01-14 15:34:00,1,20.55
T20240114000022,S002,SKU00007,2024-01-14 14:26:00,1,21.47
T20240114000023,S002,SKU00011,2024-01-14 14:27:00,2,8.76
T20240114000024,S002,sku00031,2024-01-14 20:29:00,4,19.96
T20240114000025,S002,SKU00014,2024-01-14 08:49:00,1,13.44
T20240114000026,S001, SKU00024 ,2024-01-14 21:57:00,2,23.89
T20240114000027,S002,SKU00049,2024-01-14 20:04:00,2,19.42
T20240114000028,S001,SKU00014,2024-01-14 20:38:30,1,20.44
T20240114000029,S001,SKU00003,2024-01-14 21:17:00,1,12.57
T20240114000030,S002, SKU00003 ,2024-01-14 14:20:30,3,22.15
T20240114000031,S002,SKU00019,2024-01-14 17:36:00,1,16.39
T20240114000032,S002,SKU00039,2024-01-14 16:06:00,1,4.85
T20240114000033,S002,SKU00047,2024-01-14 14:53:30,3,8.36
T20240114000034,S002, sku00042 ,2024-01-14 12:10:00,4,16.05
T20240114000035,S001,SKU00039,2024-01-14 17:41:00,3,2.44
T20240114000036,S002,sku00003,2024-01-14 21:11:00,2,20.38
T20240114000037,S002,UNKNOWNX,2024-01-14 17:58:00,2,20.91
T20240114000038,S002, SKU00033 ,2024-01-14 19:01:00,3,19.7
T20240114000039,S002,SKU00044,2024-01-14 17:11:00,1,19.99
T20240114000040,S001,SKU00030,2024-01-14 20:46:00,4,15.78
T20240114000041,S002,SKU00037,2024-01-14 08:22:30,4,3.87
T20240114000042,S001,sku00020,2024-01-14 16:33:30,2,6.26
T20240114000043,S001,SKU00007,2024-01-14 07:14:30,1,19.83
T20240114000044,S002,SKU00050,2024-01-14 21:23:00,2,4.26
T20240114000045,S002,SKU00034,2024-01-14 12:34:00,4,14.88
T20240114000046,S001,SKU00013,2024-01-14 13:08:30,2,15.79
T20240114000047,S002,SKU00034,2024-01-14 20:43:00,2,24.41
T20240114000048,S001, SKU00038 ,2024-01-14 20:12:30,1,7.85
T20240114000049,S001,UNKNOWNX,2024-01-14 12:45:30,1,2.22
T20240114000050,S002,sku00039,2024-01-14 09:29:30,3,10.18
T20240114000051,S002, sku00033 ,2024-01-14 11:58:30,1,1.78
T20240114000052,S001,sku00046,2024-01-14 17:52:30,1,3.32
T20240114000053,S002,SKU00023,2024-01-14 09:39:30,4,3.09
T20240114000054,S001,SKU00007,2024-01-14 07:16:00,3,24.08
T20240114000055,S002,SKU00016,2024-01-14 19:42:30,1,21.36
T20240114000056,S002,SKU00031,2024-01-14 19:41:00,2,7.34
T20240114000057,S002,SKU00024,2024-01-14 19:10:00,1,5.63
T20240114000058,S002,SKU00042,2024-01-14 10:57:00,1,20.45
T20240114000059,S002,SKU00027,2024-01-14 11:58:00,4,19.77
T20240114000060,S002,sku00014,2024-01-14 19:08:00,2,18.09
T20240114000061,S001,SKU00021,2024-01-14 12:51:00,1,6.8
T20240114000062,S001,SKU00004,2024-01-14 13:14:00,1,19.19
T20240114000063,S001,SKU00019,2024-01-14 08:18:30,1,6.45
T20240114000064,S002,SKU00045,2024-01-14 21:11:00,1,10.08
T20240114000065,S001,SKU00021,2024-01-14 16:49:30,3,8.81
T20240114000066,S002,SKU00033,2024-01-14 21:35:00,2,10.41
T20240114000067,S001,SKU00035,2024-01-14 13:17:00,1,6.12
T20240114000068,S002,SKU00002,2024-01-14 14:22:00,1,6.54
T20240114000069,S002,SKU00039,2024-01-14 08:18:00,3,10.8
T20240114000070,S001,SKU00017,2024-01-14 21:28:00,1,4.62
T20240114000071,S001,SKU00050,2024-01-14 15:06:00,4,10.8
T20240114000072,S002,sku00027,2024-01-14 15:53:30,2,13.96
T20240114000073,S001,UNKNOWNX,2024-01-14 21:34:30,3,14.42
T20240114000074,S001,SKU00048,2024-01-14 12:10:30,1,2.64
T20240114000075,S001, SKU00014 ,2024-01-14 18:33:00,3,8.16
T20240114000076,S001,SKU00030,2024-01-14 12:11:00,3,10.85
T20240114000077,S002, sku00022 ,2024-01-14 16:55:00,1,7.09
T20240114000078,S001,SKU00030,2024-01-14 13:29:00,2,2.18
T20240114000079,S001,SKU00042,2024-01-14 14:05:00,1,18.21
T20240114000080,S002,SKU00002,2024-01-14 14:54:00,1,20.03
T20240114000081,S001,sku00039,2024-01-14 19:27:30,1,23.64
T20240114000082,S001,sku00023,2024-01-14 12:51:00,4,7.2
T20240114000083,S002,SKU00047,2024-01-14 09:46:00,1,4.98
T20240114000084,S002,SKU00040,2024-01-14 07:59:00,2,13.99
T20240114000085,S001,sku00014,2024-01-14 11:37:00,2,22.89
T20240114000086,S001,SKU00038,2024-01-14 12:55:00,1,8.96
T20240114000087,S001,sku00037,2024-01-14 20:31:00,2,11.91
T20240114000088,S001,SKU00050,2024-01-14 08:11:30,1,2.67
T20240114000089,S002,SKU00030,2024-01-14 08:56:00,2,5.08
T20240114000090,S001,SKU00023,2024-01-14 10:00:00,1,12.71
T20240114000091,S002,sku00039,2024-01-14 11:55:00,2,4.55
T20240114000092,S001,SKU00001,2024-01-14 08:20:30,2,10.42
T20240114000093,S001,SKU00036,2024-01-14 16:31:00,2,10.33
T20240114000094,S002,SKU00016,2024-01-14 10:47:00,4,21.84
T20240114000095,S002,sku00027,2024-01-14 18:40:00,3,16.96
T20240114000096,S001, SKU00014 ,2024-01-14 18:59:00,1,15.59
T20240114000097,S002,sku00028,2024-01-14 08:26:00,3,15.86
T20240114000098,S001,SKU00050,2024-01-14 08:03:00,1,21.39
T20240114000099,S001,SKU00012,2024-01-14 11:16:00,1,4.51
T20240114000100,S001,SKU00013,2024-01-14 17:06:00,1,11.99
T20240114000101,S001,sku00014,2024-01-14 08:20:00,3,4.89
T20240114000102,S001,sku00007,2024-01-14 15:27:30,2,6.98
T20240114000103,S001,SKU00009,2024-01-14 13:51:00,1,24.93
T20240114000104,S001,SKU00017,2024-01-14 09:09:00,1,23.85
T20240114000105,S001, sku00016 ,2024-01-14 20:04:30,4,13.49
T20240114000106,S001,sku00042,2024-01-14 07:44:00,3,6.94
T20240114000107,S001, SKU00007 ,2024-01-14 13:30:00,2,16.62
T20240114000108,S001,sku00023,2024-01-14 14:41:00,1,6.61
T20240114000109,S001,SKU00023,2024-01-14 09:11:00,1,10.34
T20240114000110,S001,sku00005,2024-01-14 13:40:00,2,8.49
T20240114000111,S001,SKU00022,2024-01-14 19:48:00,1,2.61
T20240114000112,S002, SKU00003 ,2024-01-14 13:45:00,1,5.16
T20240114000113,S002,sku00038,2024-01-14 12:34:00,2,18.23
T20240114000114,S002,SKU00045,2024-01-14 13:48:00,1,19.4
T20240114000115,S001,SKU00036,2024-01-14 15:55:00,1,13.49
T20240114000116,S002,SKU00038,2024-01-14 15:55:00,4,19.91
T20240114000117,S002,SKU00035,2024-01-14 17:09:30,2,12.75
T20240114000118,S001,SKU00041,2024-01-14 12:10:00,1,14.31
T20240114000119,S002,sku00004,2024-01-14 19:38:00,1,11.78
T20240114000120,S001,SKU00025,2024-01-14 21:43:30,1,20.57
T20240114000121,S002,UNKNOWNX,2024-01-14 10:23:30,1,5.35
T20240114000122,S002,sku00012,2024-01-14 10:43:00,1,8.39
T20240114000123,S002,SKU00036,2024-01-14 13:39:00,2,13.95
T20240114000124,S001,SKU00033,2024-01-14 18:46:00,2,20.65
T20240114000125,S001,SKU00011,2024-01-14 11:10:30,1,22.62
T20240114000126,S001, SKU00018 ,2024-01-14 20:38:00,2,13.47
T20240114000127,S002, SKU00015 ,2024-01-14 09:58:30,1,22.67
T20240114000128,S001,SKU00038,2024-01-14 16:06:30,3,7.7
T20240114000129,S001, SKU00009 ,2024-01-14 17:20:30,1,22.61
T20240114000130,S002,sku00036,2024-01-14 08:15:00,2,23.79
T20240114000131,S001,SKU00041,2024-01-14 20:18:00,1,13.34
T20240114000132,S002,sku00036,2024-01-14 12:39:00,4,10.48
T20240114000133,S002,SKU00010,2024-01-14 07:06:00,2,14.58
T20240114000134,S001,SKU00026,2024-01-14 16:28:30,4,17.9
T20240114000135,S001,SKU00007,2024-01-14 17:39:00,2,11.59
T20240114000136,S001,SKU00022,2024-01-14 10:45:00,2,9.17
T20240114000137,S001, SKU00048 ,2024-01-14 10:37:30,4,8.73
T20240114000138,S002,SKU00004,2024-01-14 18:21:30,1,21.62
T20240114000139,S002,SKU00032,2024-01-14 21:29:00,1,1.82
T20240114000140,S002,SKU00044,2024-01-14 07:09:30,1,18.68
T20240114000141,S001,SKU00007,2024-01-14 21:59:00,3,12.98
T20240114000142,S001,sku00030,2024-01-14 19:13:30,2,7.95
T20240114000143,S002, sku00010 ,2024-01-14 21:06:00,3,1.12
T20240114000144,S001,SKU00007,2024-01-14 14:30:00,2,19.14
T20240114000145,S002, SKU00025 ,2024-01-14 09:55:00,4,10.59
T20240114000146,S002,SKU00009,2024-01-14 19:49:00,1,23.71
T20240114000147,S002, SKU00023 ,2024-01-14 18:56:00,2,3.13
T20240114000148,S001,SKU00012,2024-01-14 12:06:00,1,19.01
T20240114000149,S002,sku00036,2024-01-14 09:03:30,1,17.24
T20240114000150,S001,SKU00004,2024-01-14 11:36:00,3,24.46
T20240114000151,S002,SKU00013,2024-01-14 17:19:00,1,19.47
T20240114000152,S001,SKU00011,2024-01-14 11:51:00,1,10.3
T20240114000153,S001, SKU00015 ,2024-01-14 15:43:00,1,14.95
T20240114000154,S002, sku00028 ,2024-01-14 19:19:00,2,4.94
T20240114000155,S002,SKU00042,2024-01-14 08:11:00,3,21.41
T20240114000156,S002,sku00020,2024-01-14 15:18:00,3,5.75
T20240114000157,S001, SKU00049 ,2024-01-14 19:37:00,3,14.6
T20240114000158,S002, sku00015 ,2024-01-14 15:54:30,2,16.57
T20240114000159,S002,sku00036,2024-01-14 21:24:30,4,6.92
T20240114000160,S002,SKU00012,2024-01-14 11:00:30,1,23.09
T20240114000161,S002, sku00050 ,2024-01-14 17:10:30,1,24.95
T20240114000162,S001,sku00029,2024-01-14 13:04:00,2,10.71
T20240114000163,S001,SKU00021,2024-01-14 12:07:00,3,16.02
T20240114000164,S002,sku00023,2024-01-14 09:56:30,2,15.78
T20240114000165,S001, sku00044 ,2024-01-14 17:48:00,1,23.89
T20240114000166,S002,SKU00015,2024-01-14 17:25:00,3,6.46
T20240114000167,S002,SKU00015,2024-01-14 15:20:00,1,24.2
T20240114000168,S001, SKU00010 ,2024-01-14 20:42:30,3,20.62
T20240114000169,S001,SKU00015,2024-01-14 16:39:00,4,18.58
T20240114000170,S001,SKU00027,2024-01-14 11:00:30,3,24.8
T20240114000171,S002,SKU00012,2024-01-14 14:34:00,2,22.23
T20240114000172,S001,SKU00020,2024-01-14 14:40:00,1,4.04
T20240114000173,S002, SKU00004 ,2024-01-14 18:33:00,2,6.18
T20240114000174,S002,SKU00020,2024-01-14 16:43:00,1,7.28
T20240114000175,S002,SKU00044,2024-01-14 17:16:00,1,23.59
T20240114000176,S002,SKU00040,2024-01-14 07:16:00,2,18.14
T20240114000177,S002,SKU00004,2024-01-14 08:02:00,2,20.35
T20240114000178,S002,SKU00002,2024-01-14 17:19:30,2,10.38
T20240114000179,S002,sku00042,2024-01-14 20:12:30,1,21.82
T20240114000180,S001,sku00013,2024-01-14 12:08:30,2,12.77
T20240114000181,S002,SKU00004,2024-01-14 09:52:00,1,1.48
T20240114000182,S001, sku00006 ,2024-01-14 07:37:00,2,3.0
T20240114000183,S001,SKU00038,2024-01-14 13:20:00,1,1.81
T20240114000184,S002,sku00004,2024-01-14 11:04:00,3,16.26
T20240114000185,S002,SKU00002,2024-01-14 10:19:30,1,3.14
T20240114000186,S002,sku00019,2024-01-14 11:07:00,1,18.85
T20240114000187,S002,SKU00033,2024-01-14 07:45:00,3,1.65
T20240114000188,S001, sku00028 ,2024-01-14 19:07:00,1,7.94
T20240114000189,S001,SKU00044,2024-01-14 14:02:00,1,8.51
T20240114000190,S002,SKU00014,2024-01-14 17:24:00,1,1.48
T20240114000191,S002,SKU00003,2024-01-14 21:44:00,3,21.7
T20240114000192,S002,SKU00014,2024-01-14 16:17:00,1,13.83
T20240114000193,S001, SKU00024 ,2024-01-14 11:12:00,2,2.68
T20240114000194,S002,SKU00016,2024-01-14 16:11:30,2,6.4
T20240114000195,S001,SKU00026,2024-01-14 15:35:00,4,16.93
T20240114000196,S001,sku00014,2024-01-14 19:22:00,1,3.01
T20240114000197,S001,sku00024,2024-01-14 09:50:00,2,1.26
T20240114000198,S001,SKU00039,2024-01-14 14:41:00,1,3.46
T20240114000199,S002,SKU00042,2024-01-14 08:13:00,3,17.84
T20240114000200,S001,SKU00041,2024-01-14 11:52:00,1,9.79
T20240114000201,S002,SKU00009,2024-01-14 07:29:00,1,4.84
T20240114000202,S002,SKU00002,2024-01-14 12:34:00,2,7.43
T20240114000203,S002,SKU00014,2024-01-14 10:25:00,2,23.62
T20240114000204,S001, sku00039 ,2024-01-14 16:01:00,1,20.3
T20240114000205,S001,SKU00002,2024-01-14 17:38:00,3,21.75
T20240114000206,S001,SKU00049,2024-01-14 19:11:00,1,18.01
T20240114000207,S002,sku00044,2024-01-14 12:13:00,1,20.93
T20240114000208,S002, SKU00007 ,2024-01-14 13:37:00,1,20.95
T20240114000209,S002,SKU00036,2024-01-14 07:25:00,3,2.14
T20240114000210,S001,sku00039,2024-01-14 14:18:00,2,16.54
T20240114000211,S001,SKU00043,2024-01-14 10:33:00,4,7.21
T20240114000212,S002,SKU00018,2024-01-14 15:17:00,1,18.73
T20240114000213,S001,SKU00035,2024-01-14 21:48:30,3,5.68
T20240114000214,S002,sku00031,2024-01-14 19:04:00,1,7.36
T20240114000215,S002,SKU00029,2024-01-14 21:04:00,1,6.13
T20240114000216,S002,SKU00001,2024-01-14 21:08:00,4,14.65
T20240114000217,S001,SKU00008,2024-01-14 18:30:30,2,23.52
T20240114000218,S001,SKU00017,2024-01-14 16:05:00,4,1.86
T20240114000219,S001,SKU00027,2024-01-14 10:58:00,2,18.73
T20240114000220,S002, SKU00021 ,2024-01-14 19:52:00,2,7.8
T20240114000221,S001,SKU00027,2024-01-14 21:14:30,1,21.75
T20240114000222,S001,SKU00030,2024-01-14 12:58:00,2,3.67
T20240114000223,S002,SKU00016,2024-01-14 14:15:00,2,15.06
T20240114000224,S002,sku00048,2024-01-14 15:42:00,2,19.66
T20240114000225,S001,sku00047,2024-01-14 13:40:00,2,5.17
T20240114000226,S002,sku00009,2024-01-14 09:12:30,1,13.25
T20240114000227,S001,SKU00008,2024-01-14 15:51:00,2,7.8
T20240114000228,S001,SKU00040,2024-01-14 15:21:00,1,14.95
T20240114000229,S001,SKU00004,2024-01-14 12:01:00,1,2.79
T20240114000230,S002, SKU00043 ,2024-01-14 11:09:30,4,10.23
T20240114000231,S002,sku00010,2024-01-14 20:20:30,1,14.71
T20240114000232,S001,SKU00034,2024-01-14 11:53:00,4,12.05
T20240114000233,S001, SKU00047 ,2024-01-14 12:55:30,1,22.75
T20240114000234,S001,sku00003,2024-01-14 15:03:30,3,12.92
T20240114000235,S001,SKU00003,2024-01-14 10:02:00,2,17.49
T20240114000236,S001, SKU00031 ,2024-01-14 10:21:00,4,22.46
T20240114000237,S002,SKU00021,2024-01-14 19:39:30,1,17.81
T20240114000238,S001,SKU00038,2024-01-14 09:20:00,1,10.34
T20240114000239,S002,SKU00008,2024-01-14 17:46:00,2,23.86
T20240114000240,S002,SKU00024,2024-01-14 15:28:00,2,13.94
T20240114000241,S001,SKU00050,2024-01-14 13:55:00,1,20.86
T20240114000242,S002,SKU00004,2024-01-14 20:43:00,4,24.57
T20240114000243,S001,SKU00047,2024-01-14 20:50:30,4,4.8
T20240114000244,S002,SKU00028,2024-01-14 19:20:00,1,17.69
T20240114000245,S002,SKU00032,2024-01-14 13:36:00,2,14.16
T20240114000246,S002,SKU00029,2024-01-14 18:11:00,2,20.81
T20240114000247,S001,SKU00004,2024-01-14 10:28:30,1,23.01
T20240114000248,S001,SKU00009,2024-01-14 10:12:30,2,23.75
T20240114000249,S002,sku00020,2024-01-14 07:02:00,1,2.37
T20240114000250,S002,sku00049,2024-01-14 12:09:00,4,2.38
T20240114000251,S002,SKU00022,2024-01-14 13:48:00,1,24.35
T20240114000252,S002,SKU00038,2024-01-14 09:12:00,1,14.82
T20240114000253,S002,SKU00018,2024-01-14 09:54:00,4,16.04
T20240114000254,S002,SKU00040,2024-01-14 12:12:30,2,13.2
T20240114000255,S001, SKU00041 ,2024-01-14 08:20:30,2,21.11
T20240114000256,S001,SKU00028,2024-01-14 16:46:30,1,9.22
T20240114000257,S002,SKU00022,2024-01-14 19:15:00,1,9.1
T20240114000258,S002,SKU00020,2024-01-14 10:21:00,1,12.03
T20240114000259,S001,SKU00040,2024-01-14 08:34:00,1,15.2
T20240114000260,S001,SKU00014,2024-01-14 16:17:00,2,6.16
T20240114000261,S002,sku00012,2024-01-14 16:42:00,1,20.44
T20240114000262,S002,SKU00031,2024-01-14 12:39:00,3,6.83
T20240114000263,S002,SKU00019,2024-01-14 20:35:00,1,1.25
T20240114000264,S001,SKU00012,2024-01-14 11:13:00,2,4.66
T20240114000265,S002, SKU00048 ,2024-01-14 13:38:00,4,6.96
T20240114000266,S002,SKU00017,2024-01-14 14:46:00,2,17.04
T20240114000267,S002,sku00009,2024-01-14 11:23:00,1,13.82
T20240114000268,S002, SKU00024 ,2024-01-14 19:34:00,3,2.07
T20240114000269,S001,SKU00048,2024-01-14 15:32:00,2,16.55
T20240114000270,S001,SKU00036,2024-01-14 07:54:00,4,9.78
T20240114000271,S001,SKU00001,2024-01-14 21:25:00,2,5.41
T20240114000272,S002,SKU00007,2024-01-14 18:52:00,1,1.35
T20240114000273,S002,sku00045,2024-01-14 11:28:30,2,6.55
T20240114000274,S001,sku00034,2024-01-14 10:07:00,1,3.31
T20240114000275,S002,sku00007,2024-01-14 15:42:00,1,2.44
T20240114000276,S001, sku00017 ,2024-01-14 14:18:00,2,17.07
T20240114000277,S001,sku00003,2024-01-14 17:28:30,1,16.44
T20240114000278,S002, SKU00006 ,2024-01-14 10:37:00,3,12.77
T20240114000279,S002, sku00001 ,2024-01-14 17:47:00,4,22.07
T20240114000280,S002, SKU00040 ,2024-01-14 12:51:30,4,9.31
T20240114000281,S002,sku00037,2024-01-14 11:53:00,2,21.82
T20240114000282,S001,sku00035,2024-01-14 16:34:00,1,8.44
T20240114000283,S002, SKU00016 ,2024-01-14 12:14:00,1,6.11
T20240114000284,S001,SKU00003,2024-01-14 13:14:00,2,5.63
T20240114000285,S001,SKU00043,2024-01-14 14:40:00,1,22.11
T20240114000286,S001,sku00038,2024-01-14 21:53:00,3,16.45
T20240114000287,S001,sku00034,2024-01-14 10:31:30,1,23.99
T20240114000288,S002,SKU00036,2024-01-14 20:58:00,1,1.09
T20240114000289,S001,SKU00014,2024-01-14 13:41:00,1,9.49
T20240114000290,S002,SKU00048,2024-01-14 11:07:30,2,14.87
T20240114000291,S002,UNKNOWNX,2024-01-14 13:18:00,2,21.51
T20240114000292,S002,SKU00042,2024-01-14 16:13:30,2,7.01
T20240114000293,S001,sku00015,2024-01-14 20:09:00,1,19.97
T20240114000294,S001,SKU00011,2024-01-14 12:14:00,1,12.83
T20240114000295,S001,sku00032,2024-01-14 12:55:00,3,24.96
T20240114000296,S001,sku00014,2024-01-14 19:48:00,2,16.55
T20240114000297,S001,SKU00010,2024-01-14 15:05:00,2,9.93
T20240114000298,S001,SKU00016,2024-01-14 07:46:00,1,5.29
T20240114000299,S002,SKU00005,2024-01-14 14:16:00,2,4.55
T20240114000300,S001, SKU00044 ,2024-01-14 19:24:00,2,14.71
T20240114000301,S001,SKU00011,2024-01-14 08:38:00,4,7.81
T20240114000302,S002, SKU00047 ,2024-01-14 17:10:00,3,23.98
T20240114000303,S001,SKU00012,2024-01-14 20:30:30,1,13.76
T20240114000304,S001,SKU00022,2024-01-14 09:47:30,2,13.16
T20240114000305,S002,SKU00048,2024-01-14 13:44:00,4,6.79
T20240114000306,S002,SKU00047,2024-01-14 21:57:00,1,22.8
T20240114000307,S001,SKU00020,2024-01-14 16:04:30,2,3.42
T20240114000308,S002,SKU00005,2024-01-14 19:45:30,3,9.57
T20240114000309,S002,SKU00027,2024-01-14 07:55:00,2,4.53
T20240114000310,S002,SKU00046,2024-01-14 09:23:00,1,14.31
T20240114000311,S001,sku00043,2024-01-14 11:17:30,1,2.7
T20240114000312,S002,SKU00029,2024-01-14 18:04:00,2,14.93
T20240114000313,S002,SKU00005,2024-01-14 19:45:00,2,18.07
T20240114000314,S002,SKU00050,2024-01-14 12:56:00,2,16.51
T20240114000315,S001,SKU00016,2024-01-14 21:11:00,4,11.05
T20240114000316,S001,SKU00013,2024-01-14 17:47:00,1,20.55
T20240114000317,S002,UNKNOWNX,2024-01-14 18:19:00,4,18.0
T20240114000318,S002,sku00024,2024-01-14 11:16:00,2,7.9
T20240114000319,S002,SKU00006,2024-01-14 15:25:30,2,16.34
T20240114000320,S002,sku00039,2024-01-14 20:31:00,2,23.95
T20240114000321,S002, sku00005 ,2024-01-14 17:54:00,1,15.12
T20240114000322,S001, SKU00021 ,2024-01-14 18:39:00,1,20.59
T20240114000323,S002,SKU00023,2024-01-14 20:09:00,1,18.43
T20240114000324,S001,SKU00013,2024-01-14 08:13:00,2,22.24
T20240114000325,S001,sku00019,2024-01-14 07:01:00,1,19.59
T20240114000326,S002,sku00032,2024-01-14 12:29:00,4,23.88
T20240114000327,S002,SKU00003,2024-01-14 17:23:00,1,24.6
T20240114000328,S001,SKU00047,2024-01-14 18:05:00,2,23.15
T20240114000329,S002, SKU00014 ,2024-01-14 21:16:00,1,21.96
T20240114000330,S001,SKU00003,2024-01-14 10:43:00,1,7.56
T20240114000331,S001,SKU00041,2024-01-14 20:28:00,1,10.68
T20240114000332,S002,SKU00015,2024-01-14 11:42:00,1,4.26
T20240114000333,S002,SKU00018,2024-01-14 21:56:00,3,3.16
T20240114000334,S002,SKU00010,2024-01-14 16:09:30,3,3.26
T20240114000335,S001,sku00039,2024-01-14 16:07:00,2,23.48
T20240114000336,S001,SKU00024,2024-01-14 12:12:30,2,24.92
T20240114000337,S002,SKU00039,2024-01-14 08:26:30,4,12.89
T20240114000338,S001,sku00005,2024-01-14 11:36:00,1,13.48
T20240114000339,S001,UNKNOWNX,2024-01-14 20:41:30,2,16.89
T20240114000340,S002,sku00026,2024-01-14 07:56:00,2,18.62
T20240114000341,S002,SKU00017,2024-01-14 08:35:30,4,14.99
T20240114000342,S002, sku00049 ,2024-01-14 21:31:30,1,24.42
T20240114000343,S001,SKU00020,2024-01-14 14:48:00,3,19.76
T20240114000344,S001,sku00024,2024-01-14 11:20:30,2,2.93
T20240114000345,S001, SKU00025 ,2024-01-14 12:08:00,1,24.02
T20240114000346,S002,SKU00042,2024-01-14 10:58:00,4,4.78
T20240114000347,S001,SKU00008,2024-01-14 12:47:30,1,7.33
T20240114000348,S002,SKU00035,2024-01-14 12:46:00,2,16.28
T20240114000349,S001,SKU00011,2024-01-14 21:23:00,2,12.02
T20240114000350,S002,sku00046,2024-01-14 20:25:30,1,5.63
T20240114000351,S001,SKU00021,2024-01-14 20:34:30,2,14.2
T20240114000352,S001,SKU00024,2024-01-14 17:30:30,1,20.51
T20240114000353,S002,SKU00027,2024-01-14 11:09:00,1,5.18
T20240114000354,S002,SKU00021,2024-01-14 12:13:30,3,23.95
T20240114000355,S002, SKU00001 ,2024-01-14 10:49:30,2,11.75
T20240114000356,S002,SKU00015,2024-01-14 16:37:00,2,4.32
T20240114000357,S002,SKU00018,2024-01-14 16:11:00,1,13.85
T20240114000358,S002,SKU00007,2024-01-14 18:42:00,2,11.09
T20240114000359,S001,SKU00044,2024-01-14 21:29:00,4,1.1
T20240114000360,S001,SKU00012,2024-01-14 07:23:00,1,23.73
T20240114000361,S002, SKU00044 ,2024-01-14 08:12:30,2,15.75
T20240114000362,S002,SKU00006,2024-01-14 08:26:30,4,15.8
T20240114000363,S001,sku00041,2024-01-14 09:11:00,2,20.51
T20240114000364,S001, sku00024 ,2024-01-14 10:48:00,3,8.6
T20240114000365,S001,SKU00020,2024-01-14 17:03:30,1,1.97
T20240114000366,S001,sku00022,2024-01-14 17:53:30,2,9.07
T20240114000367,S002,UNKNOWNX,2024-01-14 21:09:00,3,10.51
T20240114000368,S001,SKU00039,2024-01-14 18:59:00,4,22.92
T20240114000369,S002, sku00041 ,2024-01-14 18:55:30,1,8.19
T20240114000370,S001,SKU00027,2024-01-14 17:13:00,4,4.05
T20240114000371,S001,SKU00042,2024-01-14 12:56:00,2,22.12
T20240114000372,S001,SKU00048,2024-01-14 09:58:00,3,14.33
T20240114000373,S002,SKU00036,2024-01-14 12:09:00,3,17.89
T20240114000374,S002, sku00008 ,2024-01-14 16:54:00,1,8.9
T20240114000375,S002,SKU00031,2024-01-14 17:36:00,1,9.59
T20240114000376,S001,SKU00042,2024-01-14 16:51:00,1,13.75
T20240114000377,S002,SKU00030,2024-01-14 09:36:00,4,15.86
T20240114000378,S002,sku00026,2024-01-14 14:27:00,2,14.36
T20240114000379,S001,SKU00011,2024-01-14 20:22:00,1,22.72
T20240114000380,S001,sku00010,2024-01-14 15:52:00,4,18.35
T20240114000381,S001,SKU00050,2024-01-14 08:57:00,2,1.36
T20240114000382,S002,SKU00032,2024-01-14 15:09:00,1,4.53
T20240114000383,S002,SKU00022,2024-01-14 21:41:00,2,21.54
T20240114000384,S002,SKU00021,2024-01-14 17:00:30,1,1.12
T20240114000385,S001, SKU00028 ,2024-01-14 21:46:00,2,21.01
T20240114000386,S002,SKU00011,2024-01-14 18:35:00,4,22.01
T20240114000387,S002,sku00026,2024-01-14 07:54:30,2,9.14
T20240114000388,S002,SKU00035,2024-01-14 13:59:00,1,23.94
T20240114000389,S002, SKU00030 ,2024-01-14 10:21:00,2,5.61
T20240114000390,S001,sku00016,2024-01-14 07:52:00,2,9.54
T20240114000391,S001, sku00001 ,2024-01-14 07:19:00,4,6.71
T20240114000392,S001,SKU00027,2024-01-14 12:59:00,4,23.55
T20240114000393,S002,SKU00040,2024-01-14 11:35:00,1,11.52
T20240114000394,S001,SKU00008,2024-01-14 19:09:30,3,4.13
T20240114000395,S001,SKU00015,2024-01-14 16:05:00,4,14.63
T20240114000396,S001,sku00046,2024-01-14 12:59:00,2,14.15
T20240114000397,S001,SKU00048,2024-01-14 09:23:00,4,14.08
T20240114000398,S002,UNKNOWNX,2024-01-14 11:16:00,1,9.65
T20240114000399,S002,SKU00003,2024-01-14 18:23:00,1,24.78
T20240114000400,S002,UNKNOWNX,2024-01-14 21:29:00,3,19.0
T20240114000401,S001,SKU00030,2024-01-14 13:34:30,1,12.07
T20240114000402,S002,SKU00002,2024-01-14 09:16:00,4,22.68
T20240114000403,S002, SKU00029 ,2024-01-14 21:39:00,1,7.91
T20240114000404,S002,sku00041,2024-01-14 14:30:00,1,18.67
T20240114000405,S001,SKU00008,2024-01-14 08:42:00,1,24.49
T20240114000406,S002,sku00011,2024-01-14 19:48:00,3,14.9
T20240114000407,S002,SKU00050,2024-01-14 15:05:00,3,10.28
T20240114000408,S002,SKU00043,2024-01-14 21:36:30,1,23.61
T20240114000409,S002, SKU00021 ,2024-01-14 10:55:00,2,12.05
T20240114000410,S001, sku00027 ,2024-01-14 15:21:00,2,21.49
T20240114000411,S001,sku00005,2024-01-14 13:53:00,2,17.57
T20240114000412,S002,SKU00026,2024-01-14 14:21:30,1,10.01
T20240114000413,S002,sku00015,2024-01-14 18:10:00,2,1.14
T20240114000414,S001,sku00039,2024-01-14 10:34:00,1,18.82
T20240114000415,S001,SKU00022,2024-01-14 20:37:30,1,23.05
T20240114000416,S001,sku00006,2024-01-14 17:23:00,2,10.22
T20240114000417,S001, SKU00031 ,2024-01-14 10:41:00,1,8.29
T20240114000418,S001,sku00041,2024-01-14 13:01:00,2,20.16
T20240114000419,S002, sku00011 ,2024-01-14 08:32:00,2,9.31
T20240114000420,S001,sku00020,2024-01-14 14:08:00,4,13.38
T20240114000421,S002,SKU00012,2024-01-14 19:47:00,2,3.79
T20240114000422,S002, SKU00037 ,2024-01-14 07:23:00,2,15.02
T20240114000423,S002,SKU00033,2024-01-14 15:38:00,4,14.9
T20240114000424,S001,SKU00043,2024-01-14 11:38:30,1,12.61
T20240114000425,S001, sku00007 ,2024-01-14 17:26:00,2,9.87
T20240114000426,S001, SKU00038 ,2024-01-14 16:22:00,1,8.23
T20240114000427,S001,sku00036,2024-01-14 09:47:00,3,9.61
T20240114000428,S001,SKU00048,2024-01-14 16:52:30,1,17.18
T20240114000429,S001,sku00026,2024-01-14 19:03:00,2,5.89
T20240114000430,S002,SKU00043,2024-01-14 09:00:00,2,1.64
T20240114000431,S001,sku00027,2024-01-14 19:12:00,2,21.55
T20240114000432,S002,sku00031,2024-01-14 07:35:00,2,9.02
T20240114000433,S001,SKU00043,2024-01-14 11:18:00,4,22.25
T20240114000434,S001,SKU00016,2024-01-14 14:59:00,1,3.16
T20240114000435,S001,SKU00023,2024-01-14 20:25:00,3,21.49
T20240114000436,S001,UNKNOWNX,2024-01-14 09:26:00,1,1.58
T20240114000437,S001,SKU00034,2024-01-14 09:18:00,1,5.84
T20240114000438,S002, sku00004 ,2024-01-14 20:06:00,2,22.06
T20240114000439,S002, SKU00003 ,2024-01-14 17:24:00,1,24.89
T20240114000440,S001,SKU00007,2024-01-14 11:26:00,1,5.65
T20240114000441,S002,SKU00025,2024-01-14 14:48:30,4,4.49
T20240114000442,S002,sku00043,2024-01-14 12:20:30,1,16.88
T20240114000443,S001,SKU00031,2024-01-14 21:53:30,3,17.5
T20240114000444,S002,SKU00012,2024-01-14 14:09:00,2,18.77
T20240114000445,S001,UNKNOWNX,2024-01-14 09:14:00,2,8.18
T20240114000446,S002,SKU00050,2024-01-14 16:36:30,4,14.67
T20240114000447,S002,SKU00027,2024-01-14 16:10:00,3,6.1
T20240114000448,S001,SKU00020,2024-01-14 12:58:00,1,3.41
T20240114000449,S002,sku00037,2024-01-14 10:14:00,1,17.15
T20240114000450,S002,SKU00043,2024-01-14 19:24:00,4,13.61
T20240114000451,S002, SKU00004 ,2024-01-14 13:21:30,2,6.69
T20240114000452,S002,SKU00014,2024-01-14 14:39:00,3,13.51
T20240114000453,S002,SKU00005,2024-01-14 21:31:00,3,13.79
T20240114000454,S002, SKU00024 ,2024-01-14 18:30:30,4,15.79
T20240114000455,S001, SKU00006 ,2024-01-14 18:34:30,1,14.57
T20240114000456,S001,SKU00031,2024-01-14 19:01:30,1,12.81
T20240114000457,S001, SKU00013 ,2024-01-14 07:06:00,1,21.39
T20240114000458,S001,sku00003,2024-01-14 10:10:00,3,3.57
T20240114000459,S002, sku00040 ,2024-01-14 19:12:00,1,2.15
T20240114000460,S002,UNKNOWNX,2024-01-14 13:58:00,4,18.74
T20240114000461,S001,SKU00002,2024-01-14 07:27:00,1,5.33
T20240114000462,S002,SKU00050,2024-01-14 12:49:30,4,23.52
T20240114000463,S001,SKU00045,2024-01-14 08:13:30,2,23.46
T20240114000464,S001,sku00039,2024-01-14 21:13:30,3,6.28
T20240114000465,S002,SKU00037,2024-01-14 15:15:30,4,17.38
T20240114000466,S002,SKU00047,2024-01-14 08:38:00,2,18.7
T20240114000467,S002,SKU00022,2024-01-14 10:00:30,1,13.75
T20240114000468,S001,SKU00002,2024-01-14 16:14:00,1,14.85
T20240114000469,S001,SKU00033,2024-01-14 07:03:00,3,19.17
T20240114000470,S002,SKU00009,2024-01-14 17:01:00,2,18.56
T20240114000471,S002, sku00001 ,2024-01-14 16:02:00,1,3.14
T20240114000472,S001,SKU00047,2024-01-14 14:27:30,2,7.05
T20240114000473,S001,UNKNOWNX,2024-01-14 09:12:00,3,1.49
T20240114000474,S002,SKU00034,2024-01-14 12:09:30,1,8.99
T20240114000475,S002,SKU00047,2024-01-14 19:06:00,1,16.21
T20240114000476,S001,sku00024,2024-01-14 12:08:30,1,17.68
T20240114000477,S002, SKU00018 ,2024-01-14 17:22:00,2,8.61
T20240114000478,S002,SKU00042,2024-01-14 17:01:00,2,14.74
T20240114000479,S002,SKU00027,2024-01-14 16:34:00,2,5.33
T20240114000480,S002,SKU00033,2024-01-14 19:11:30,4,2.01
T20240114000481,S002,SKU00029,2024-01-14 14:16:00,3,3.0
T20240114000482,S002,sku00021,2024-01-14 16:11:00,2,4.39
T20240114000483,S001,SKU00048,2024-01-14 07:23:00,3,13.6
T20240114000484,S001,sku00025,2024-01-14 09:16:00,3,5.46
T20240114000485,S001,SKU00022,2024-01-14 15:30:00,3,16.33
T20240114000486,S002,SKU00046,2024-01-14 19:35:00,3,5.59
T20240114000487,S001,sku00028,2024-01-14 16:51:00,4,24.2
T20240114000488,S001,SKU00047,2024-01-14 12:05:00,2,12.17
T20240114000489,S001,sku00026,2024-01-14 17:32:00,2,1.67
T20240114000490,S002,SKU00007,2024-01-14 09:51:30,4,12.27
T20240114000491,S002,SKU00004,2024-01-14 12:55:30,1,3.09
T20240114000492,S001,sku00044,2024-01-14 10:30:00,1,22.04
T20240114000493,S002,SKU00021,2024-01-14 09:19:00,4,15.64
T20240114000494,S002,SKU00019,2024-01-14 16:45:00,4,11.29
T20240114000495,S001,SKU00049,2024-01-14 09:44:30,4,21.67
T20240114000496,S002,sku00031,2024-01-14 18:20:30,3,12.89
T20240114000497,S002,SKU00005,2024-01-14 20:56:00,2,20.9
T20240114000498,S002,SKU00007,2024-01-14 15:48:30,1,13.02
T20240114000499,S001,SKU00039,2024-01-14 20:27:00,2,8.07
T20240114000500,S001,SKU00011,2024-01-14 08:29:00,1,1.94
T20240114000501,S001,SKU00014,2024-01-14 20:16:00,1,22.19
T20240114000502,S001,SKU00035,2024-01-14 15:03:00,2,24.59
T20240114000503,S001,SKU00023,2024-01-14 16:36:00,2,11.2
T20240114000504,S002,SKU00005,2024-01-14 20:39:00,1,16.47
T20240114000505,S001, SKU00036 ,2024-01-14 10:30:30,1,16.57
T20240114000506,S002,SKU00035,2024-01-14 17:06:00,1,14.29
T20240114000507,S001,sku00022,2024-01-14 09:03:00,3,7.49
T20240114000508,S001, SKU00011 ,2024-01-14 09:16:00,3,5.56
T20240114000509,S002,SKU00023,2024-01-14 07:29:00,4,22.97
T20240114000510,S001,SKU00028,2024-01-14 15:03:00,1,21.02
T20240114000511,S001,SKU00015,2024-01-14 14:32:00,4,24.13
T20240114000512,S001,SKU00025,2024-01-14 21:20:00,1,13.55
T20240114000513,S001, SKU00031 ,2024-01-14 12:31:00,4,8.63
T20240114000514,S002,SKU00014,2024-01-14 15:24:00,2,6.36
T20240114000515,S002,sku00011,2024-01-14 19:13:00,1,10.24
T20240114000516,S001, sku00048 ,2024-01-14 11:09:00,1,9.57
T20240114000517,S002,SKU00026,2024-01-14 14:32:30,2,5.08
T20240114000518,S002, SKU00047 ,2024-01-14 11:26:00,1,2.71
T20240114000519,S002,SKU00025,2024-01-14 15:07:00,1,6.66
T20240114000520,S002,SKU00020,2024-01-14 07:46:30,1,4.2
T20240114000521,S001,SKU00015,2024-01-14 20:56:00,3,22.25
T20240114000522,S002,sku00012,2024-01-14 11:51:00,1,6.99
T20240114000523,S001,SKU00006,2024-01-14 12:47:30,1,13.14
T20240114000524,S002,SKU00020,2024-01-14 10:46:00,2,11.24
T20240114000525,S001,SKU00042,2024-01-14 08:41:00,4,3.62
T20240114000526,S002,SKU00021,2024-01-14 20:14:00,1,20.52
T20240114000527,S002,SKU00048,2024-01-14 18:48:30,3,8.69
T20240114000528,S002,SKU00004,2024-01-14 09:26:30,4,4.96
T20240114000529,S001,SKU00013,2024-01-14 20:44:00,2,9.59
T20240114000530,S001,sku00028,2024-01-14 09:51:00,2,11.02
T20240114000531,S001,SKU00048,2024-01-14 09:47:00,1,16.68
T20240114000532,S001,SKU00021,2024-01-14 15:12:00,4,13.13
T20240114000533,S002,SKU00033,2024-01-14 12:16:30,3,18.41
T20240114000534,S001,SKU00033,2024-01-14 10:53:00,1,18.75
T20240114000535,S001,SKU00024,2024-01-14 14:21:00,1,17.39
T20240114000536,S001, SKU00047 ,2024-01-14 07:34:30,1,6.16
T20240114000537,S001,sku00022,2024-01-14 16:07:30,1,12.11
T20240114000538,S002,SKU00025,2024-01-14 07:06:00,2,24.41
T20240114000539,S002,SKU00036,2024-01-14 10:08:30,1,20.71
T20240114000540,S001,SKU00034,2024-01-14 07:26:00,2,24.41
T20240114000541,S002,sku00011,2024-01-14 13:13:00,1,22.86
T20240114000542,S001,SKU00008,2024-01-14 15:19:30,3,8.54
T20240114000543,S001,SKU00049,2024-01-14 18:32:00,1,9.6
T20240114000544,S001,SKU00001,2024-01-14 19:26:00,1,7.79
T20240114000545,S001,SKU00023,2024-01-14 16:35:30,1,8.49
T20240114000546,S002,sku00034,2024-01-14 16:14:00,2,21.2
T20240114000547,S002,sku00006,2024-01-14 08:34:30,3,1.72
T20240114000548,S002, sku00046 ,2024-01-14 12:57:00,3,9.23
T20240114000549,S002,SKU00041,2024-01-14 18:11:00,3,3.3
T20240114000550,S002, SKU00024 ,2024-01-14 16:15:00,1,14.62
T20240114000551,S002,SKU00030,2024-01-14 08:40:00,4,11.91
T20240114000552,S002,sku00041,2024-01-14 21:23:00,4,20.7
T20240114000553,S002, SKU00025 ,2024-01-14 09:14:00,1,18.28
T20240114000554,S001,SKU00026,2024-01-14 19:43:00,1,8.29
T20240114000555,S002, SKU00041 ,2024-01-14 12:28:30,4,15.03
T20240114000556,S002,SKU00026,2024-01-14 17:37:00,4,17.81
T20240114000557,S001,SKU00040,2024-01-14 10:37:00,2,11.82
T20240114000558,S002,sku00005,2024-01-14 10:50:00,1,19.1
T20240114000559,S002,SKU00023,2024-01-14 20:29:00,1,22.53
T20240114000560,S002,SKU00006,2024-01-14 09:24:00,3,5.34
T20240114000561,S001, SKU00032 ,2024-01-14 11:52:00,2,9.3
T20240114000562,S001,sku00009,2024-01-14 10:03:00,1,11.01
T20240114000563,S002, SKU00022 ,2024-01-14 07:50:00,1,2.5
T20240114000564,S002, SKU00027 ,2024-01-14 15:09:00,1,13.25
T20240114000565,S001,sku00009,2024-01-14 19:55:00,2,16.41
T20240114000566,S001,SKU00033,2024-01-14 19:09:00,2,16.54
T20240114000567,S001, sku00041 ,2024-01-14 09:15:00,1,10.52
T20240114000568,S002,sku00012,2024-01-14 18:09:00,1,13.89
T20240114000569,S002,SKU00042,2024-01-14 19:11:00,1,5.61
T20240114000570,S001,SKU00023,2024-01-14 19:44:00,1,5.17
T20240114000571,S002,sku00034,2024-01-14 08:08:00,3,10.67
T20240114000572,S002,SKU00040,2024-01-14 10:13:00,4,20.91
T20240114000573,S002,SKU00039,2024-01-14 07:18:00,4,4.23
T20240114000574,S001, SKU00043 ,2024-01-14 19:32:30,2,10.49
T20240114000575,S001, sku00040 ,2024-01-14 21:02:00,1,1.22
T20240114000576,S002,SKU00045,2024-01-14 18:08:00,1,23.41
T20240114000577,S001,SKU00004,2024-01-14 09:52:00,2,23.56
T20240114000578,S002, SKU00018 ,2024-01-14 08:21:00,1,15.15
T20240114000579,S001,SKU00028,2024-01-14 08:48:30,1,8.17
T20240114000580,S002,SKU00030,2024-01-14 11:20:00,1,6.63
T20240114000581,S002,UNKNOWNX,2024-01-14 17:37:30,1,22.69
T20240114000582,S002,SKU00016,2024-01-14 10:10:00,2,2.51
T20240114000583,S002,SKU00028,2024-01-14 07:52:00,1,21.34
T20240114000584,S002,SKU00035,2024-01-14 13:37:30,1,22.88
T20240114000585,S001,SKU00035,2024-01-14 15:37:00,2,18.19
T20240114000586,S001,SKU00008,2024-01-14 15:21:00,3,16.75
T20240114000587,S001,SKU00003,2024-01-14 21:30:00,2,11.65
T20240114000588,S001, SKU00001 ,2024-01-14 11:48:00,1,4.49
T20240114000589,S001,SKU00047,2024-01-14 16:12:00,1,23.24
T20240114000590,S002, SKU00032 ,2024-01-14 20:05:30,4,3.75
T20240114000591,S001,SKU00034,2024-01-14 21:18:30,2,21.56
T20240114000592,S002,SKU00029,2024-01-14 20:48:00,2,1.51
T20240114000593,S001, sku00006 ,2024-01-14 10:02:00,1,4.15
T20240114000594,S001, SKU00047 ,2024-01-14 17:44:30,1,8.23
T20240114000595,S001,SKU00046,2024-01-14 15:54:00,4,17.13
T20240114000596,S001,SKU00015,2024-01-14 19:11:30,1,4.39
T20240114000597,S002,SKU00026,2024-01-14 07:11:00,2,2.23
T20240114000598,S002,sku00013,2024-01-14 13:04:00,4,22.59
T20240114000599,S001,SKU00013,2024-01-14 09:40:00,1,10.27
T20240114000600,S001,sku00035,2024-01-14 21:41:00,1,18.48
T20240114000601,S001,SKU00024,2024-01-14 20:44:00,2,2.5
T20240114000602,S002,sku00010,2024-01-14 19:28:00,1,6.37
T20240114000603,S001,sku00016,2024-01-14 19:28:30,1,11.86
T20240114000604,S001, sku00002 ,2024-01-14 10:52:00,2,12.56
T20240114000605,S002,SKU00044,2024-01-14 09:49:00,2,2.33
T20240114000606,S002,sku00036,2024-01-14 13:21:00,4,13.29
T20240114000607,S001,SKU00013,2024-01-14 13:54:00,4,6.12
T20240114000608,S001,SKU00029,2024-01-14 08:13:00,1,16.84
T20240114000609,S001, sku00010 ,2024-01-14 07:17:30,1,7.63
T20240114000610,S002,SKU00021,2024-01-14 16:23:00,1,19.85
T20240114000611,S002, SKU00026 ,2024-01-14 12:24:00,2,24.46
T20240114000612,S002, SKU00008 ,2024-01-14 17:07:00,4,2.55
T20240114000613,S001,UNKNOWNX,2024-01-14 10:44:00,2,10.95
T20240114000614,S002,sku00026,2024-01-14 08:41:30,1,17.06
T20240114000615,S002,SKU00035,2024-01-14 18:38:00,2,18.28
T20240114000616,S002, sku00004 ,2024-01-14 18:38:00,4,1.62
T20240114000617,S001, SKU00024 ,2024-01-14 21:48:30,4,9.08
T20240114000618,S001,SKU00013,2024-01-14 10:26:00,1,23.93
T20240114000619,S001,SKU00008,2024-01-14 18:13:00,4,17.37
T20240114000620,S002,SKU00038,2024-01-14 17:37:00,2,7.05
T20240114000621,S001,SKU00023,2024-01-14 18:31:30,3,6.8
T20240114000622,S002,UNKNOWNX,2024-01-14 17:37:00,1,1.26
T20240114000623,S001,SKU00041,2024-01-14 15:09:00,1,8.68
T20240114000624,S002, SKU00035 ,2024-01-14 08:57:00,1,15.0
T20240114000625,S002,SKU00045,2024-01-14 11:11:00,2,8.88
T20240114000626,S002,SKU00047,2024-01-14 14:56:00,4,12.05
T20240114000627,S001,sku00026,2024-01-14 12:20:30,1,8.12
T20240114000628,S002,SKU00046,2024-01-14 17:47:00,1,6.8
T20240114000629,S002,SKU00008,2024-01-14 16:37:00,4,21.71
T20240114000630,S002,SKU00034,2024-01-14 20:23:00,2,22.43
T20240114000631,S001,SKU00048,2024-01-14 17:32:00,1,14.19
T20240114000632,S001,SKU00027,2024-01-14 11:19:00,3,8.12
T20240114000633,S002,SKU00049,2024-01-14 07:58:00,3,21.5
T20240114000634,S002,sku00030,2024-01-14 16:05:00,1,5.79
T20240114000635,S001,sku00018,2024-01-14 11:50:30,2,22.15
T20240114000636,S002,SKU00028,2024-01-14 12:24:00,2,9.62
T20240114000637,S001,sku00001,2024-01-14 16:42:30,2,9.42
T20240114000638,S002,SKU00038,2024-01-14 11:07:00,2,4.89
T20240114000639,S001,sku00001,2024-01-14 17:15:00,1,15.74
T20240114000640,S002,SKU00018,2024-01-14 07:06:00,3,18.07
T20240114000641,S001,SKU00009,2024-01-14 10:29:30,2,14.04
T20240114000642,S002, SKU00017 ,2024-01-14 13:30:00,1,9.73
T20240114000643,S001,SKU00038,2024-01-14 12:55:00,2,13.14
T20240114000644,S002, sku00034 ,2024-01-14 07:06:30,2,20.09
T20240114000645,S002,SKU00032,2024-01-14 18:53:00,2,8.4
T20240114000646,S001,sku00014,2024-01-14 10:13:00,2,18.02
T20240114000647,S001,SKU00037,2024-01-14 20:38:00,4,5.78
T20240114000648,S002,SKU00034,2024-01-14 15:55:00,1,20.11
T20240114000649,S001, SKU00023 ,2024-01-14 19:42:00,1,9.31
T20240114000650,S001, SKU00037 ,2024-01-14 17:26:00,1,24.93
T20240114000651,S001,SKU00038,2024-01-14 08:55:00,3,20.97
T20240114000652,S002,SKU00004,2024-01-14 19:38:00,1,12.99
T20240114000653,S001,SKU00045,2024-01-14 12:07:00,4,19.44
T20240114000654,S001,SKU00009,2024-01-14 10:04:00,1,14.98
T20240114000655,S002, SKU00012 ,2024-01-14 09:23:00,4,22.51
T20240114000656,S001,SKU00050,2024-01-14 21:48:00,4,21.55
T20240114000657,S001,SKU00029,2024-01-14 21:49:00,1,12.45
T20240114000658,S001, SKU00050 ,2024-01-14 09:07:00,1,6.49
T20240114000659,S001,sku00043,2024-01-14 14:57:00,3,4.63
T20240114000660,S001, SKU00009 ,2024-01-14 21:58:30,1,19.43
T20240114000661,S001,sku00021,2024-01-14 21:28:00,1,1.08
T20240114000662,S002,sku00050,2024-01-14 18:15:00,1,15.54
T20240114000663,S002,SKU00010,2024-01-14 12:37:00,2,11.12
T20240114000664,S001,sku00025,2024-01-14 10:24:00,4,9.25
T20240114000665,S001,SKU00048,2024-01-14 09:34:30,2,22.89
T20240114000666,S002,SKU00045,2024-01-14 15:48:00,4,13.01
T20240114000667,S001,sku00040,2024-01-14 08:03:00,2,19.74
T20240114000668,S001,SKU00005,2024-01-14 13:52:00,1,8.59
T20240114000669,S001,SKU00021,2024-01-14 13:43:30,1,20.3
T20240114000670,S002,SKU00033,2024-01-14 14:21:00,1,24.38
T20240114000671,S002,SKU00019,2024-01-14 20:57:30,4,20.88
T20240114000672,S001, SKU00023 ,2024-01-14 17:15:30,3,24.81
T20240114000673,S001,SKU00004,2024-01-14 13:55:00,2,11.26
T20240114000674,S002,SKU00040,2024-01-14 14:38:00,1,13.07
T20240114000675,S002,SKU00039,2024-01-14 18:53:30,1,7.4
T20240114000676,S001, SKU00038 ,2024-01-14 08:00:30,2,10.38
T20240114000677,S001,sku00023,2024-01-14 11:13:00,2,23.17
T20240114000678,S002,SKU00043,2024-01-14 10:33:00,3,12.91
T20240114000679,S001,SKU00012,2024-01-14 16:31:30,2,5.19
T20240114000680,S001,SKU00037,2024-01-14 12:51:00,1,17.41
T20240114000681,S002,SKU00038,2024-01-14 14:41:30,4,15.88
T20240114000682,S001,SKU00041,2024-01-14 11:24:30,4,21.03
T20240114000683,S002,SKU00007,2024-01-14 09:50:00,4,13.54
T20240114000684,S002,SKU00004,2024-01-14 13:29:30,3,8.6
T20240114000685,S002,sku00017,2024-01-14 13:52:00,1,16.92
T20240114000686,S001,SKU00023,2024-01-14 09:36:00,1,4.74
T20240114000687,S001,sku00004,2024-01-14 17:29:00,2,24.62
T20240114000688,S001,sku00045,2024-01-14 11:04:00,4,6.77
T20240114000689,S002,SKU00012,2024-01-14 08:20:00,4,13.41
T20240114000690,S002,SKU00042,2024-01-14 17:14:30,2,9.32
T20240114000691,S002,SKU00036,2024-01-14 08:07:00,4,1.18
T20240114000692,S001,SKU00002,2024-01-14 08:02:00,4,8.12
T20240114000693,S002,SKU00025,2024-01-14 11:23:00,1,19.28
T20240114000694,S002, SKU00011 ,2024-01-14 18:33:00,2,8.01
T20240114000695,S002,sku00043,2024-01-14 12:11:00,1,12.76
T20240114000696,S001,SKU00018,2024-01-14 10:31:00,1,21.72
T20240114000697,S001,SKU00005,2024-01-14 09:45:30,2,3.74
T20240114000698,S001, SKU00025 ,2024-01-14 18:57:30,1,16.38
T20240114000699,S002,sku00007,2024-01-14 14:40:00,4,16.63
T20240114000700,S001,SKU00037,2024-01-14 15:47:00,1,15.88
T20240114000701,S001,SKU00025,2024-01-14 17:59:30,1,13.39
T20240114000702,S001,SKU00002,2024-01-14 12:05:00,1,17.08
T20240114000703,S001,sku00004,2024-01-14 15:37:30,1,6.0
T20240114000704,S001,SKU00001,2024-01-14 17:55:00,1,15.99
T20240114000705,S002,SKU00047,2024-01-14 15:22:00,2,2.59
T20240114000706,S001,SKU00006,2024-01-14 15:21:00,1,16.58
T20240114000707,S002, sku00026 ,2024-01-14 19:52:00,2,11.87
T20240114000708,S002, sku00042 ,2024-01-14 16:50:30,1,19.68
T20240114000709,S001,SKU00010,2024-01-14 08:44:00,1,12.03
T20240114000710,S002,SKU00014,2024-01-14 21:16:00,1,2.59
T20240114000711,S001,sku00016,2024-01-14 21:29:00,2,20.03
T20240114000712,S002,SKU00023,2024-01-14 15:27:00,3,3.14
T20240114000713,S001, SKU00010 ,2024-01-14 14:07:00,1,24.5
T20240114000714,S001,SKU00005,2024-01-14 18:53:00,1,11.96
T20240114000715,S002,SKU00028,2024-01-14 09:37:30,2,14.7
T20240114000716,S002,sku00018,2024-01-14 09:46:00,2,19.57
T20240114000717,S002,SKU00009,2024-01-14 18:33:00,1,21.08
T20240114000718,S001,sku00038,2024-01-14 11:35:30,3,21.76
T20240114000719,S001,SKU00009,2024-01-14 09:42:00,3,24.22
T20240114000720,S002,SKU00009,2024-01-14 14:45:00,2,14.65
T20240114000721,S001,SKU00003,2024-01-14 08:09:00,1,24.7
T20240114000722,S002, SKU00048 ,2024-01-14 19:31:30,3,4.9
T20240114000723,S002,SKU00024,2024-01-14 12:48:00,1,23.78
T20240114000724,S001, sku00018 ,2024-01-14 08:20:30,3,12.38
T20240114000725,S002,SKU00049,2024-01-14 20:28:00,2,6.14
T20240114000726,S001,SKU00029,2024-01-14 17:09:00,4,8.57
T20240114000727,S001,SKU00005,2024-01-14 20:18:00,3,12.48
T20240114000728,S001,sku00049,2024-01-14 21:49:00,2,11.88
T20240114000729,S002,UNKNOWNX,2024-01-14 09:49:00,3,19.62
T20240114000730,S002,SKU00035,2024-01-14 17:38:30,1,10.53
T20240114000731,S001,sku00016,2024-01-14 17:44:00,2,14.03
T20240114000732,S001, SKU00034 ,2024-01-14 19:15:00,1,10.18
T20240114000733,S001,sku00018,2024-01-14 18:06:00,4,23.64
T20240114000734,S002,sku00037,2024-01-14 09:53:00,3,17.24
T20240114000735,S001,SKU00043,2024-01-14 10:21:00,3,24.68
T20240114000736,S002,SKU00018,2024-01-14 12:07:00,2,8.07
T20240114000737,S001,SKU00040,2024-01-14 11:12:30,2,16.01
T20240114000738,S002, SKU00031 ,2024-01-14 11:12:00,3,10.54
T20240114000739,S002,SKU00008,2024-01-14 08:30:00,2,4.78
T20240114000740,S002,SKU00024,2024-01-14 11:50:00,2,16.09
T20240114000741,S001,SKU00026,2024-01-14 15:48:30,1,21.43
T20240114000742,S001,SKU00050,2024-01-14 13:44:00,2,13.65
T20240114000743,S002,SKU00021,2024-01-14 07:29:00,1,15.95
T20240114000744,S001,SKU00047,2024-01-14 21:18:00,1,4.71
T20240114000745,S001,sku00043,2024-01-14 11:40:00,1,13.17
T20240114000746,S001, SKU00028 ,2024-01-14 19:49:30,1,9.79
T20240114000747,S002,SKU00028,2024-01-14 20:45:00,3,3.7
T20240114000748,S002,sku00027,2024-01-14 15:06:00,1,1.02
T20240114000749,S001,SKU00049,2024-01-14 17:11:30,1,18.09
T20240114000750,S001,sku00017,2024-01-14 18:41:00,3,7.83
T20240114000751,S001,sku00020,2024-01-14 17:52:00,3,12.79
T20240114000752,S002,SKU00039,2024-01-14 20:21:00,1,21.26
T20240114000753,S001,SKU00018,2024-01-14 21:41:00,1,16.14
T20240114000754,S001, sku00039 ,2024-01-14 20:38:00,1,2.81
T20240114000755,S001,SKU00043,2024-01-14 21:39:30,1,23.92
T20240114000756,S001, sku00012 ,2024-01-14 10:36:00,2,7.36
T20240114000757,S002,SKU00008,2024-01-14 15:42:30,3,12.19
T20240114000758,S002,SKU00038,2024-01-14 21:25:00,2,1.21
T20240114000759,S002,SKU00023,2024-01-14 19:00:00,1,19.54
T20240114000760,S002, sku00013 ,2024-01-14 11:11:00,2,4.51
T20240114000761,S001,sku00032,2024-01-14 11:30:00,1,16.48
T20240114000762,S001,SKU00029,2024-01-14 21:21:00,1,23.78
T20240114000763,S002,SKU00016,2024-01-14 17:56:30,2,18.01
T20240114000764,S001,SKU00032,2024-01-14 19:55:30,2,5.23
T20240114000765,S002,SKU00035,2024-01-14 16:43:00,1,9.96
T20240114000766,S001, SKU00019 ,2024-01-14 19:44:00,1,2.03
T20240114000767,S001,SKU00022,2024-01-14 15:53:00,2,23.93
T20240114000768,S002,sku00015,2024-01-14 18:43:00,1,11.03
T20240114000769,S002,sku00009,2024-01-14 19:54:00,1,13.55
T20240114000770,S002, sku00044 ,2024-01-14 17:19:00,3,2.23
T20240114000771,S002,SKU00006,2024-01-14 19:56:00,4,11.84
T20240114000772,S001,SKU00023,2024-01-14 16:02:30,4,24.15
T20240114000773,S002,SKU00007,2024-01-14 13:12:00,2,4.34
T20240114000774,S001,SKU00041,2024-01-14 14:41:00,2,17.66
T20240114000775,S002,SKU00014,2024-01-14 14:17:00,4,22.38
T20240114000776,S002,sku00037,2024-01-14 15:18:00,2,1.12
T20240114000777,S002,UNKNOWNX,2024-01-14 17:37:00,1,11.77
T20240114000778,S001,SKU00027,2024-01-14 21:10:00,1,9.5
T20240114000779,S002,SKU00047,2024-01-14 12:14:00,1,21.04
T20240114000780,S002,SKU00029,2024-01-14 20:45:00,1,11.54
T20240114000781,S001,SKU00045,2024-01-14 21:25:30,1,14.9
T20240114000782,S001,SKU00008,2024-01-14 19:31:00,3,22.57
T20240114000783,S001,SKU00017,2024-01-14 13:44:00,1,22.97
T20240114000784,S001,SKU00002,2024-01-14 14:42:00,4,7.75
T20240114000785,S002,sku00014,2024-01-14 11:23:00,1,23.14
T20240114000786,S002,sku00018,2024-01-14 13:15:00,2,20.64
T20240114000787,S002,sku00025,2024-01-14 21:11:00,3,18.44
T20240114000788,S002,SKU00004,2024-01-14 17:30:00,4,2.81
T20240114000789,S001,SKU00011,2024-01-14 15:55:30,4,7.49
T20240114000790,S001,sku00004,2024-01-14 21:30:00,2,12.09
T20240114000791,S002,SKU00021,2024-01-14 12:06:00,1,23.59
T20240114000792,S001,SKU00023,2024-01-14 09:25:00,1,7.26
T20240114000793,S002,sku00027,2024-01-14 16:16:30,2,11.8
T20240114000794,S001,SKU00029,2024-01-14 11:31:30,1,3.53
T20240114000795,S002,sku00019,2024-01-14 12:21:30,1,22.18
T20240114000796,S001,SKU00019,2024-01-14 07:24:00,1,24.59
T20240114000797,S001,SKU00038,2024-01-14 15:42:00,4,20.1
T20240114000798,S002, SKU00044 ,2024-01-14 17:05:00,1,17.79
T20240114000799,S001,SKU00046,2024-01-14 15:48:00,1,10.52
T20240114000800,S002, sku00027 ,2024-01-14 13:25:00,1,19.57
T20240114000801,S001,SKU00008,2024-01-14 10:13:00,1,23.71
T20240114000802,S002, sku00037 ,2024-01-14 13:18:00,1,19.36
T20240114000803,S001, SKU00007 ,2024-01-14 07:30:00,1,11.64
T20240114000804,S001,sku00001,2024-01-14 13:43:30,1,14.39
T20240114000805,S001,SKU00011,2024-01-14 09:11:00,4,22.56
T20240114000806,S002,SKU00004,2024-01-14 15:05:00,1,20.55
T20240114000807,S002, SKU00001 ,2024-01-14 08:17:00,1,10.9
T20240114000808,S001,SKU00013,2024-01-14 07:22:00,1,7.63
T20240114000809,S001, SKU00019 ,2024-01-14 12:14:00,1,16.87
T20240114000810,S002,SKU00042,2024-01-14 13:32:00,1,8.29
T20240114000811,S002,SKU00039,2024-01-14 08:28:00,3,8.34
T20240114000812,S002,SKU00034,2024-01-14 15:14:00,4,15.76
T20240114000813,S002,SKU00005,2024-01-14 09:18:30,1,24.01
T20240114000814,S001,SKU00005,2024-01-14 11:56:00,2,13.11
T20240114000815,S001, SKU00048 ,2024-01-14 09:23:00,2,19.82
T20240114000816,S001,SKU00007,2024-01-14 08:37:00,1,7.29
T20240114000817,S002,sku00024,2024-01-14 21:52:30,1,3.18
T20240114000818,S001,SKU00037,2024-01-14 17:05:00,1,5.36
T20240114000819,S001, SKU00040 ,2024-01-14 11:40:00,4,13.27
T20240114000820,S001,SKU00017,2024-01-14 11:24:00,4,18.98
T20240114000821,S002,SKU00016,2024-01-14 10:17:00,2,14.77
T20240114000822,S002, sku00039 ,2024-01-14 11:05:30,4,21.97
T20240114000823,S001,sku00035,2024-01-14 18:53:00,1,15.7
T20240114000824,S001,SKU00049,2024-01-14 21:24:00,1,23.88
T20240114000825,S001,sku00018,2024-01-14 21:12:00,1,13.58
T20240114000826,S001, sku00007 ,2024-01-14 10:41:00,4,13.59
T20240114000827,S002,sku00047,2024-01-14 08:17:00,1,3.05
T20240114000828,S002,SKU00006,2024-01-14 18:38:00,1,23.77
T20240114000829,S001,sku00027,2024-01-14 21:29:00,1,3.03
T20240114000830,S002, sku00046 ,2024-01-14 07:04:00,1,9.54
T20240114000831,S001,sku00010,2024-01-14 18:54:30,1,5.13
T20240114000832,S001,SKU00018,2024-01-14 09:49:30,3,13.3
T20240114000833,S002,SKU00004,2024-01-14 16:56:00,1,2.96
T20240114000834,S002,SKU00007,2024-01-14 17:11:00,4,13.08
T20240114000835,S001,SKU00020,2024-01-14 12:47:00,2,9.19
T20240114000836,S002, SKU00003 ,2024-01-14 16:02:00,4,16.74
T20240114000837,S002, SKU00030 ,2024-01-14 20:23:00,1,4.08
T20240114000838,S001,sku00046,2024-01-14 11:04:00,3,7.09
T20240114000839,S001,sku00011,2024-01-14 12:55:00,1,13.48
T20240114000840,S001,sku00045,2024-01-14 09:03:00,3,13.54
T20240114000841,S002,sku00010,2024-01-14 07:35:00,1,21.32
T20240114000842,S001,SKU00005,2024-01-14 18:29:30,2,21.21
T20240114000843,S001,UNKNOWNX,2024-01-14 13:19:00,2,16.3
T20240114000844,S001, SKU00047 ,2024-01-14 08:36:00,4,9.78
T20240114000845,S001, sku00019 ,2024-01-14 21:51:30,1,10.03
T20240114000846,S002, sku00033 ,2024-01-14 12:33:00,2,24.21
T20240114000847,S002, SKU00018 ,2024-01-14 08:46:00,2,19.06
T20240114000848,S001,SKU00025,2024-01-14 20:24:00,1,1.78
T20240114000849,S002,SKU00027,2024-01-14 13:37:00,1,12.77
T20240114000850,S001,SKU00016,2024-01-14 16:43:00,1,11.33
T20240114000851,S001, SKU00039 ,2024-01-14 07:41:00,1,11.38
T20240114000852,S002,sku00024,2024-01-14 20:37:00,4,5.15
T20240114000853,S002,SKU00001,2024-01-14 11:52:30,1,8.96
T20240114000854,S002,SKU00007,2024-01-14 09:31:00,1,20.8
T20240114000855,S001,sku00024,2024-01-14 17:00:00,1,2.93
T20240114000856,S001,sku00037,2024-01-14 16:19:00,3,10.81
T20240114000857,S002,SKU00049,2024-01-14 13:50:00,1,19.29
T20240114000858,S001,sku00026,2024-01-14 13:08:00,1,7.37
T20240114000859,S002,SKU00027,2024-01-14 13:37:30,4,9.04
T20240114000860,S001,SKU00036,2024-01-14 07:17:00,2,5.25
T20240114000861,S001,SKU00006,2024-01-14 16:10:00,2,11.11
T20240114000862,S002,sku00033,2024-01-14 15:52:30,2,24.67
T20240114000863,S001, sku00004 ,2024-01-14 11:33:00,1,16.0
T20240114000864,S001,SKU00030,2024-01-14 16:17:30,1,1.69
T20240114000865,S002,SKU00034,2024-01-14 18:19:30,4,7.87
T20240114000866,S001,SKU00040,2024-01-14 10:06:00,1,5.5
T20240114000867,S002,SKU00027,2024-01-14 11:50:00,2,3.42
T20240114000868,S001,SKU00007,2024-01-14 14:02:00,3,7.98
T20240114000869,S002, SKU00049 ,2024-01-14 20:38:00,2,7.25
T20240114000870,S001,SKU00008,2024-01-14 17:59:30,4,14.9
T20240114000871,S002, sku00030 ,2024-01-14 20:11:00,3,15.4
T20240114000872,S001,SKU00038,2024-01-14 12:37:30,1,16.15
T20240114000873,S001,SKU00001,2024-01-14 13:54:00,3,2.98
T20240114000874,S002,sku00024,2024-01-14 19:48:00,2,16.28
T20240114000875,S001,sku00013,2024-01-14 12:16:00,1,21.89
T20240114000876,S001, SKU00049 ,2024-01-14 10:36:00,1,6.0
T20240114000877,S001,SKU00048,2024-01-14 16:18:00,2,15.85
T20240114000878,S001,SKU00022,2024-01-14 19:20:00,1,23.12
T20240114000879,S002, sku00046 ,2024-01-14 18:45:00,2,14.18
T20240114000880,S002,SKU00030,2024-01-14 17:49:00,3,10.47
T20240114000881,S002,sku00033,2024-01-14 11:43:00,1,21.66
T20240114000882,S002, SKU00007 ,2024-01-14 21:17:00,1,12.4
T20240114000883,S002,SKU00035,2024-01-14 15:45:00,2,2.07
T20240114000884,S002,SKU00030,2024-01-14 12:17:00,4,22.71
T20240114000885,S002, SKU00048 ,2024-01-14 09:14:30,4,11.92
T20240114000886,S001,UNKNOWNX,2024-01-14 11:10:00,2,24.91
T20240114000887,S001,sku00039,2024-01-14 10:32:00,4,22.53
T20240114000888,S002, SKU00018 ,2024-01-14 09:48:00,1,24.85
T20240114000889,S001,SKU00021,2024-01-14 16:38:00,1,6.24
T20240114000890,S002,sku00028,2024-01-14 15:54:30,4,2.41
T20240114000891,S002,sku00017,2024-01-14 18:30:00,2,17.69
T20240114000892,S001,SKU00002,2024-01-14 13:25:00,1,16.42
T20240114000893,S002,SKU00020,2024-01-14 18:59:30,2,3.82
T20240114000894,S001,SKU00025,2024-01-14 10:23:00,2,18.44
T20240114000895,S002, SKU00041 ,2024-01-14 11:10:30,1,15.32
T20240114000896,S001,SKU00038,2024-01-14 17:08:00,1,14.55
T20240114000897,S001,sku00047,2024-01-14 16:16:30,4,15.75
T20240114000898,S001, SKU00042 ,2024-01-14 16:39:00,3,21.89
T20240114000899,S001,SKU00026,2024-01-14 12:11:00,1,24.72
T20240114000900,S002,SKU00014,2024-01-14 10:01:00,4,3.94
T20240114000901,S002,SKU00011,2024-01-14 20:48:30,2,10.23
T20240114000902,S001,SKU00022,2024-01-14 16:26:00,1,9.41
T20240114000903,S002,SKU00009,2024-01-14 18:22:00,2,20.8
T20240114000904,S002,sku00045,2024-01-14 14:10:00,4,16.12
T20240114000905,S001,SKU00021,2024-01-14 15:48:30,2,13.72
T20240114000906,S001,SKU00041,2024-01-14 09:39:00,1,23.46
T20240114000907,S002, SKU00030 ,2024-01-14 09:11:00,1,3.67
T20240114000908,S001,sku00033,2024-01-14 14:29:30,4,16.32
T20240114000909,S002,SKU00006,2024-01-14 07:47:00,3,1.13
T20240114000910,S002,SKU00016,2024-01-14 14:10:00,1,14.67
T20240114000911,S002,SKU00001,2024-01-14 10:36:30,2,4.27
T20240114000912,S002,sku00047,2024-01-14 18:49:00,1,7.51
T20240114000913,S001, sku00037 ,2024-01-14 19:50:00,1,21.13
T20240114000914,S002,sku00050,2024-01-14 08:36:00,1,8.05
T20240114000915,S001,SKU00024,2024-01-14 17:32:30,4,8.88
T20240114000916,S002,SKU00029,2024-01-14 11:03:00,3,8.43
T20240114000917,S002, SKU00041 ,2024-01-14 20:11:00,1,19.55
T20240114000918,S001,sku00003,2024-01-14 08:13:00,1,20.66
T20240114000919,S001,sku00031,2024-01-14 12:25:00,3,13.82
T20240114000920,S002,sku00002,2024-01-14 20:47:00,2,4.21
T20240114000921,S002, SKU00033 ,2024-01-14 11:22:00,1,2.46
T20240114000922,S001,SKU00013,2024-01-14 11:57:00,2,3.2
T20240114000923,S002,SKU00041,2024-01-14 12:48:30,4,16.25
T20240114000924,S001,SKU00036,2024-01-14 10:21:30,3,9.92
T20240114000925,S002,SKU00043,2024-01-14 07:19:00,2,19.24
T20240114000926,S001,UNKNOWNX,2024-01-14 16:15:00,1,10.55
T20240114000927,S001,sku00017,2024-01-14 16:38:00,1,7.37
T20240114000928,S002,sku00030,2024-01-14 13:41:00,2,13.62
T20240114000929,S002,SKU00035,2024-01-14 12:58:00,2,15.18
T20240114000930,S002,SKU00009,2024-01-14 19:35:00,3,23.54
T20240114000931,S002,SKU00046,2024-01-14 20:43:00,3,7.98
T20240114000932,S001,sku00031,2024-01-14 07:08:00,3,17.56
T20240114000933,S001,SKU00045,2024-01-14 21:04:00,1,17.31
T20240114000934,S002,SKU00018,2024-01-14 16:20:00,1,6.73
T20240114000935,S002, SKU00018 ,2024-01-14 17:37:00,3,5.91
T20240114000936,S001,SKU00006,2024-01-14 09:10:00,2,16.48
T20240114000937,S001,SKU00037,2024-01-14 09:15:00,2,18.28
T20240114000938,S001, sku00038 ,2024-01-14 09:36:30,1,16.65
T20240114000939,S002,SKU00018,2024-01-14 07:23:00,1,4.54
T20240114000940,S002, SKU00003 ,2024-01-14 16:34:30,1,22.21
T20240114000941,S001,SKU00003,2024-01-14 17:59:30,1,21.76
T20240114000942,S001,SKU00027,2024-01-14 09:18:00,1,12.98
T20240114000943,S001, SKU00030 ,2024-01-14 19:56:00,4,23.52
T20240114000944,S002,SKU00045,2024-01-14 09:49:00,1,19.08
T20240114000945,S001,SKU00010,2024-01-14 07:04:00,4,11.01
T20240114000946,S001,sku00041,2024-01-14 11:13:00,4,16.86
T20240114000947,S002,SKU00001,2024-01-14 08:12:00,4,10.76
T20240114000948,S002,SKU00011,2024-01-14 15:45:00,1,21.81
T20240114000949,S001,SKU00047,2024-01-14 12:25:00,2,21.84
T20240114000950,S001, SKU00050 ,2024-01-14 20:31:30,2,4.47
T20240114000951,S002,SKU00024,2024-01-14 07:50:30,1,11.59
T20240114000952,S001,sku00015,2024-01-14 13:43:00,1,12.87
T20240114000953,S002,SKU00042,2024-01-14 10:49:00,2,3.91
T20240114000954,S002,SKU00025,2024-01-14 12:16:00,1,8.92
T20240114000955,S001,sku00010,2024-01-14 07:09:30,1,21.82
T20240114000956,S001,SKU00021,2024-01-14 11:10:00,1,5.55
T20240114000957,S002,UNKNOWNX,2024-01-14 09:35:00,2,10.57
T20240114000958,S001,SKU00010,2024-01-14 07:35:30,1,20.52
T20240114000959,S002,SKU00011,2024-01-14 16:59:00,1,4.6
T20240114000960,S001,SKU00029,2024-01-14 08:18:00,4,7.34
T20240114000961,S001,sku00014,2024-01-14 19:26:00,2,17.68
T20240114000962,S002,sku00048,2024-01-14 18:42:00,2,10.92
T20240114000963,S002,SKU00035,2024-01-14 14:59:00,2,15.01
T20240114000964,S002,SKU00007,2024-01-14 07:33:00,1,14.78
T20240114000965,S001,SKU00023,2024-01-14 15:12:30,2,16.98
T20240114000966,S002,sku00028,2024-01-14 19:00:00,4,20.22
T20240114000967,S002,sku00014,2024-01-14 17:02:00,4,21.06
T20240114000968,S001,SKU00038,2024-01-14 07:28:00,1,21.77
T20240114000969,S002,SKU00031,2024-01-14 07:38:00,4,7.02
T20240114000970,S002, SKU00048 ,2024-01-14 10:29:00,4,16.69
T20240114000971,S001,SKU00048,2024-01-14 09:32:00,1,19.5
T20240114000972,S002,SKU00018,2024-01-14 18:06:00,2,1.05
T20240114000973,S001, SKU00019 ,2024-01-14 08:29:00,1,9.92
T20240114000974,S002,SKU00034,2024-01-14 19:02:00,1,12.29
T20240114000975,S002,SKU00014,2024-01-14 21:54:00,1,3.45
T20240114000976,S001, sku00019 ,2024-01-14 15:38:00,3,3.11
T20240114000977,S001,SKU00020,2024-01-14 20:04:00,1,15.7
T20240114000978,S002,sku00006,2024-01-14 13:46:00,3,15.0
T20240114000979,S002,SKU00049,2024-01-14 10:52:00,1,9.58
T20240114000980,S001,SKU00026,2024-01-14 19:32:30,1,14.22
T20240114000981,S001,SKU00011,2024-01-14 07:51:00,2,10.31
T20240114000982,S001,SKU00020,2024-01-14 08:16:00,1,14.31
T20240114000983,S001,SKU00007,2024-01-14 19:37:00,1,9.6
T20240114000984,S001,sku00013,2024-01-14 21:51:00,1,11.8
T20240114000985,S002,sku00005,2024-01-14 19:38:00,3,1.31
T20240114000986,S002,SKU00003,2024-01-14 20:08:30,1,1.94
T20240114000987,S001,sku00017,2024-01-14 07:27:30,4,8.51
T20240114000988,S001,SKU00029,2024-01-14 16:32:00,1,13.29
T20240114000989,S002,sku00030,2024-01-14 14:55:00,2,10.36
T20240114000990,S001,SKU00037,2024-01-14 18:11:00,2,6.87
T20240114000991,S001,SKU00013,2024-01-14 20:28:00,4,11.17
T20240114000992,S002,sku00045,2024-01-14 08:16:00,2,8.6
T20240114000993,S001,SKU00038,2024-01-14 07:19:00,4,20.5
T20240114000994,S001,SKU00046,2024-01-14 14:36:00,2,4.35
T20240114000995,S002,SKU00039,2024-01-14 07:53:00,1,18.55
T20240114000996,S002, SKU00005 ,2024-01-14 19:34:30,2,15.9
T20240114000997,S002,SKU00028,2024-01-14 16:01:00,1,2.43
T20240114000998,S001,SKU00047,2024-01-14 20:18:00,1,11.02
T20240114000999,S002,SKU00026,2024-01-14 09:26:00,1,17.77
T20240114001000,S001,SKU00036,2024-01-14 08:47:30,2,6.49
T20240114001001,S001,SKU00039,2024-01-14 17:37:00,3,1.76
T20240114001002,S002,SKU00043,2024-01-14 17:46:30,1,8.08
T20240114001003,S001,sku00021,2024-01-14 10:13:00,1,9.2
T20240114001004,S001,SKU00040,2024-01-14 11:01:00,1,3.04
T20240114001005,S002,SKU00044,2024-01-14 12:59:00,1,22.52
T20240114001006,S002,sku00032,2024-01-14 12:39:00,1,22.37
T20240114001007,S002,SKU00016,2024-01-14 12:24:00,2,23.65
T20240114001008,S002, SKU00015 ,2024-01-14 16:00:30,1,7.5
T20240114001009,S001,SKU00045,2024-01-14 14:28:00,2,2.94
T20240114001010,S001,sku00035,2024-01-14 15:16:00,4,19.84
T20240114000338,S001,  sku00005  ,2024-01-14 11:36:00,1,13.48
T20240114999998,S001,SKU00036,2024-01-14 11:11:00,-1,3.99
T20240114999999,S002,SKU00005,2024-01-14 12:12:00,1,-0.5
